"timestamp","price"
"2025-01-09T21:03:24.812Z",0.6763600662411656
"2025-01-09T22:08:30.345Z",0.7012374502985684
"2025-01-09T23:03:31.332Z",0.8084413297218901
"2025-01-10T00:03:45.199Z",0.8655201955746853
"2025-01-10T01:03:48.302Z",0.7593028785698136
"2025-01-10T02:03:40.653Z",0.7446628755208152
"2025-01-10T03:03:43.201Z",0.7534845882555478
"2025-01-10T04:03:47.789Z",0.8153233179719096
"2025-01-10T05:03:38.638Z",0.7997202776800884
"2025-01-10T06:00:18.396Z",0.8027100706350293
"2025-01-10T07:00:40.569Z",0.735835821512282
"2025-01-10T08:03:41.853Z",0.7330680349374332
"2025-01-10T09:03:43.182Z",0.7281549526754866
"2025-01-10T10:03:48.813Z",0.7291619029587201
"2025-01-10T11:03:50.068Z",0.7143441126418404
"2025-01-10T12:07:51.472Z",0.6890921369475037
"2025-01-10T13:03:57.082Z",0.6871036886857554
"2025-01-10T14:03:58.446Z",0.5665223133222278
"2025-01-10T15:03:58.013Z",0.5250117817169995
"2025-01-10T16:03:40.349Z",0.6011482347248398
"2025-01-10T17:03:47.747Z",0.6009824784863186
"2025-01-10T18:03:48.641Z",0.6010270449028299
"2025-01-10T19:03:43.421Z",0.6966264828800306
"2025-01-10T20:03:39.786Z",0.6387482168940388
"2025-01-10T21:03:52.318Z",0.6035633072629997
"2025-01-10T22:03:43.605Z",0.5784993804444047
"2025-01-10T23:03:44.855Z",1.0713418529998426
"2025-01-11T00:03:43.676Z",1.0974718608555378
"2025-01-11T01:04:50.335Z",1.2551439664709634
"2025-01-11T02:03:41.469Z",1.0167840923610405
"2025-01-11T03:03:43.815Z",1.0615143974715129
"2025-01-11T04:03:52.988Z",1.1443860271527726
"2025-01-11T05:03:48.916Z",1.200162501737712
"2025-01-11T06:03:43.537Z",1.225511723106494
"2025-01-11T07:03:46.409Z",1.627171626127387
"2025-01-11T08:03:43.329Z",1.6077182931666107
"2025-01-11T09:03:42.037Z",1.4657935622022746
"2025-01-11T10:03:46.461Z",1.6075878688925571
"2025-01-11T11:03:35.635Z",1.4947392602689908
"2025-01-11T12:02:38.538Z",1.361610301226667
"2025-01-11T13:03:31.873Z",1.2975605067492355
"2025-01-11T14:03:37.041Z",1.4222376427984997
"2025-01-11T15:03:46.663Z",1.054853242624361
"2025-01-11T16:03:46.090Z",0.9423893194645637
"2025-01-11T17:03:44.077Z",1.1697488853004578
"2025-01-11T18:03:41.639Z",1.4522174498206868
"2025-01-11T19:03:48.113Z",1.713015889144063
"2025-01-11T20:03:45.541Z",1.3325464571204853
"2025-01-11T21:03:42.103Z",1.231272176126839
"2025-01-11T22:00:50.995Z",1.7933396731378888
"2025-01-11T23:06:39.112Z",1.8336502147222526
"2025-01-12T00:03:59.806Z",1.7830274361734357
"2025-01-12T01:08:33.605Z",1.704567068712503
"2025-01-12T02:03:41.747Z",1.6541007415677107
"2025-01-12T03:03:43.888Z",1.637900799174259
"2025-01-12T04:03:49.191Z",1.7134027816032282
"2025-01-12T05:03:46.070Z",1.828444475593075
"2025-01-12T06:03:44.633Z",1.8848682083570985
"2025-01-12T07:03:47.158Z",1.9135789046091314
"2025-01-12T08:02:17.467Z",1.7412924837865669
"2025-01-12T09:03:43.405Z",1.7606141764136936
"2025-01-12T10:00:47.501Z",1.87562626149662
"2025-01-12T11:01:23.563Z",1.8189318209091527
"2025-01-12T12:03:34.457Z",1.8145387807334734
"2025-01-12T13:03:16.396Z",1.9478014261265106
"2025-01-12T14:03:21.355Z",1.8118371258903474
"2025-01-12T15:03:34.701Z",1.8649207524707465
"2025-01-12T16:00:19.117Z",1.8029981475942296
"2025-01-12T17:00:19.395Z",1.8385014767252987
"2025-01-12T18:00:17.986Z",1.7718032414134026
"2025-01-12T19:01:48.122Z",2.0599443562135877
"2025-01-12T20:01:24.941Z",1.9380831271597783
"2025-01-12T21:03:57.638Z",1.8432316285037238
"2025-01-12T22:04:00.077Z",1.8055941756219978
"2025-01-12T23:03:56.320Z",1.7539058627309834
"2025-01-13T00:03:54.046Z",1.5615907312583766
"2025-01-13T01:04:00.998Z",1.3940488814148484
"2025-01-13T02:03:55.533Z",1.1759831796539766
"2025-01-13T03:00:29.444Z",1.1424279245448026
"2025-01-13T04:03:17.047Z",1.0508418918379463
"2025-01-13T05:04:00.707Z",1.1235659123124162
"2025-01-13T06:03:31.745Z",1.1688705329642473
"2025-01-13T07:08:24.180Z",1.3194902150099774
"2025-01-13T08:03:27.904Z",1.3997565229375124
"2025-01-13T09:03:25.298Z",1.3751935395087231
"2025-01-13T10:03:31.064Z",1.4220988400402799
"2025-01-13T11:03:25.313Z",1.3944550382830765
"2025-01-13T12:03:28.849Z",1.3890596021205832
"2025-01-13T13:03:29.158Z",1.3181652323801933
"2025-01-13T14:03:36.127Z",1.1480975880608582
"2025-01-13T15:03:43.892Z",1.101482506550726
"2025-01-13T16:03:41.795Z",1.106438809565314
"2025-01-13T17:03:45.501Z",1.066974409290488
"2025-01-13T18:03:04.523Z",1.1402981862848738
"2025-01-13T19:03:41.551Z",1.1308012217602603
"2025-01-13T20:03:41.418Z",1.1726101635777395
"2025-01-13T21:03:42.720Z",1.2011116179265304
"2025-01-13T22:03:34.908Z",1.1564895330306042
"2025-01-13T23:03:36.931Z",1.0517693980615028
"2025-01-14T00:03:34.664Z",1.054043041721746
"2025-01-14T01:03:33.375Z",0.981062133844096
"2025-01-14T02:03:33.725Z",1.1545063311742538
"2025-01-14T03:03:51.789Z",1.1863614544522667
"2025-01-14T04:03:44.953Z",1.1575090555260412
"2025-01-14T05:08:27.237Z",1.119757153614245
"2025-01-14T06:03:46.421Z",1.116608179149817
"2025-01-14T07:03:45.380Z",1.1202947036620274
"2025-01-14T08:03:49.811Z",1.1259698997594667
"2025-01-14T09:03:48.607Z",1.0026560678338483
"2025-01-14T10:03:46.046Z",1.0505112833322165
"2025-01-14T11:03:41.603Z",1.1658045951018274
"2025-01-14T12:03:39.727Z",1.3552496850016897
"2025-01-14T13:03:39.498Z",1.363188734039969
"2025-01-14T14:03:36.208Z",1.1079736915449372
"2025-01-14T15:03:38.484Z",1.1903183611687358
"2025-01-14T16:03:32.719Z",1.1744640662478507
"2025-01-14T17:03:34.683Z",1.10524531806438
"2025-01-14T18:03:40.902Z",1.1465033665308575
"2025-01-14T19:00:34.445Z",0.9946334619062216
"2025-01-14T20:03:16.309Z",0.9043079176417649
"2025-01-14T21:03:19.818Z",0.9728199613275526
"2025-01-14T22:03:07.559Z",0.9500901337702086
"2025-01-14T23:03:17.988Z",0.9043100412908929
"2025-01-15T00:03:14.410Z",0.8463403806155186
"2025-01-15T01:03:14.919Z",0.8202045328542068
"2025-01-15T02:03:53.784Z",0.9207081259278732
"2025-01-15T03:03:56.966Z",0.8973389767379697
"2025-01-15T04:04:09.046Z",0.918979723334457
"2025-01-15T05:03:56.195Z",0.8645360159160591
"2025-01-15T06:03:59.742Z",0.8491268523207779
"2025-01-15T07:04:02.717Z",0.8458508172586379
"2025-01-15T08:04:03.734Z",0.9432704752882849
"2025-01-15T09:03:58.642Z",0.985711692348942
"2025-01-15T10:04:01.143Z",0.9759649679895341
"2025-01-15T11:03:52.838Z",1.0202066907172394
"2025-01-15T12:04:03.647Z",0.9991400782273147
"2025-01-15T13:04:03.602Z",0.9718459764074321
"2025-01-15T14:04:00.887Z",0.9903489589914652
"2025-01-15T15:08:52.940Z",0.9994832413378337
"2025-01-15T16:06:39.082Z",1.0531155403774457
"2025-01-15T17:08:44.073Z",1.0727274216779974
"2025-01-15T18:04:10.962Z",1.0828903329403472
"2025-01-15T19:04:08.853Z",1.1019554678040955
"2025-01-15T20:04:06.675Z",1.333201390238123
"2025-01-15T21:03:59.743Z",1.2648205726348227
"2025-01-15T22:04:05.229Z",1.1571048181278403
"2025-01-15T23:08:38.251Z",1.1641466894270707
"2025-01-16T00:04:11.863Z",1.2126353804977303
"2025-01-16T01:04:03.467Z",1.04099282248999
"2025-01-16T02:04:08.357Z",1.0408840616790478
"2025-01-16T03:04:06.479Z",1.0554988660548685
"2025-01-16T04:04:01.307Z",1.0877608752287522
"2025-01-16T05:04:01.220Z",1.1300908528876132
"2025-01-16T06:04:02.010Z",1.1288477657321292
"2025-01-16T07:03:53.378Z",1.152083291766235
"2025-01-16T08:03:50.463Z",1.1958693278918098
"2025-01-16T09:03:55.980Z",1.3755657493022002
"2025-01-16T10:02:56.579Z",1.5007476813458291
"2025-01-16T11:03:57.432Z",1.297255656911293
"2025-01-16T12:03:55.548Z",1.300889716116021
"2025-01-16T13:04:04.379Z",1.299405644880568
"2025-01-16T14:04:01.738Z",1.241765558801763
"2025-01-16T15:03:58.959Z",1.2046977734689983
"2025-01-16T16:03:53.881Z",1.2085220891056934
"2025-01-16T17:07:29.570Z",1.1185754933013428
"2025-01-16T18:03:58.545Z",0.9375210012045804
"2025-01-16T19:03:56.711Z",0.9304339527249954
"2025-01-16T20:03:54.186Z",0.9691548985316571
"2025-01-16T21:03:55.989Z",0.933193696660743
"2025-01-16T22:03:57.744Z",0.930635354904614
"2025-01-16T23:08:31.203Z",0.762343719258807
"2025-01-17T00:03:54.582Z",0.3563075540459591
"2025-01-17T01:03:57.196Z",0.4457296888972132
"2025-01-17T02:03:54.691Z",0.43031540053541284
"2025-01-17T03:03:47.387Z",0.4454041094541017
"2025-01-17T04:02:47.728Z",0.5475918989969962
"2025-01-17T05:02:38.642Z",0.5406602883826825
"2025-01-17T06:00:00.287Z",0.6572543640283819
"2025-01-17T07:00:00.107Z",0.5772004217742066
"2025-01-17T08:03:55.292Z",0.5208694784598595
"2025-01-17T09:08:40.354Z",0.5206052001514254
"2025-01-17T10:03:55.305Z",0.5156308388327643
"2025-01-17T11:03:49.706Z",0.510180878158184
"2025-01-17T12:03:50.599Z",0.5093863779720402
"2025-01-17T13:03:48.835Z",0.5333374965189736
"2025-01-17T14:08:30.102Z",0.5398132695509364
"2025-01-17T15:03:51.906Z",0.5614964886262133
"2025-01-17T16:03:55.504Z",0.6282161372313667
"2025-01-17T17:03:54.993Z",0.6939594240517107
"2025-01-17T18:03:49.663Z",0.6835872023583455
"2025-01-17T19:03:59.486Z",0.68316868242815
"2025-01-17T20:03:56.231Z",0.7593556967106282
"2025-01-17T21:03:58.489Z",0.8144253301575826
"2025-01-17T22:04:00.983Z",0.7304230890015646
"2025-01-17T23:03:54.913Z",0.6520290241608016
"2025-01-18T00:03:53.604Z",0.5877394832509943
"2025-01-18T01:02:18.887Z",0.6031486476047392
"2025-01-18T02:02:32.957Z",0.617960401749934
"2025-01-18T03:02:17.711Z",0.5797690376070115
"2025-01-18T04:02:28.528Z",0.5128112807458188
"2025-01-18T05:02:24.781Z",0.508817286519477
"2025-01-18T06:02:18.112Z",0.4590846659605551
"2025-01-18T07:02:25.851Z",0.4337245189773481
"2025-01-18T08:02:26.100Z",0.39229603595778384
"2025-01-18T09:02:25.092Z",0.30277297747319953
"2025-01-18T10:02:21.900Z",0.3864432383482473
"2025-01-18T11:02:14.064Z",0.3580934933577452
"2025-01-18T12:02:32.468Z",0.3262314146241561
"2025-01-18T13:02:32.256Z",0.3287561233585952
"2025-01-18T14:02:34.009Z",0.3598924399250036
"2025-01-18T15:02:24.682Z",0.3710300813279111
"2025-01-18T16:02:15.003Z",0.3792772704774943
"2025-01-18T17:02:32.973Z",0.3710743230152402
"2025-01-18T18:02:28.872Z",0.35864374172017477
"2025-01-18T19:02:23.533Z",0.3516560685070327
"2025-01-18T20:02:25.600Z",0.3477021239750503
"2025-01-18T21:02:21.666Z",0.32085204268103945
"2025-01-18T22:02:20.852Z",0.31331282022651974
"2025-01-18T23:02:23.042Z",0.24885632208371838
"2025-01-19T00:02:32.248Z",0.25858008789332665
"2025-01-19T01:02:39.603Z",0.2633078667125117
"2025-01-19T02:02:37.020Z",0.2717059918181397
"2025-01-19T03:02:48.179Z",0.27536652491387625
"2025-01-19T04:02:35.922Z",0.27444827471323757
"2025-01-19T05:02:49.401Z",0.3150071485720592
"2025-01-19T06:02:38.293Z",0.3152556893822524
"2025-01-19T07:02:35.606Z",0.31423108057755067
"2025-01-19T08:02:38.147Z",0.3123559202955182
"2025-01-19T09:02:35.936Z",0.2891502516339556
"2025-01-19T10:02:34.545Z",0.2866558751666395
"2025-01-19T11:02:34.476Z",0.2837436424746278
"2025-01-19T12:02:45.457Z",0.27838984023707775
"2025-01-19T13:02:35.552Z",0.2768308027747441
"2025-01-19T14:02:22.492Z",0.27469274784520487
"2025-01-19T15:02:18.102Z",0.2741183773874417
"2025-01-19T16:02:23.646Z",0.2741469989914856
"2025-01-19T17:03:25.259Z",0.29711926757679846
"2025-01-19T18:02:01.996Z",0.29962101962581966
"2025-01-19T19:03:35.073Z",0.29756088422238003
"2025-01-19T20:01:21.221Z",0.3008013355298771
"2025-01-19T21:01:24.512Z",0.3223858849251664
"2025-01-19T22:01:18.429Z",0.32453539436614076
"2025-01-19T23:01:27.651Z",0.32665674385581533
"2025-01-20T00:01:16.082Z",0.3190383728033637
"2025-01-20T01:00:28.787Z",0.43868197496506073
"2025-01-20T02:00:27.313Z",0.41869233326641936
"2025-01-20T03:03:19.401Z",0.42729764984758944
"2025-01-20T04:03:30.016Z",0.43270289931555156
"2025-01-20T05:03:31.781Z",0.42917174974269273
"2025-01-20T06:05:55.062Z",0.4303354056441239
"2025-01-20T07:06:13.576Z",0.448758079244455
"2025-01-20T08:04:01.775Z",0.4099723302171249
"2025-01-20T09:03:48.571Z",0.4125341578782514
"2025-01-20T10:08:26.482Z",0.4097103646517011
"2025-01-20T11:03:53.146Z",0.36251182807910715
"2025-01-20T12:03:54.825Z",0.37926025019767823
"2025-01-20T13:03:58.411Z",0.36796834302027487
"2025-01-20T14:03:55.682Z",0.3718598185721757
"2025-01-20T15:03:54.959Z",0.3732758379547257
"2025-01-20T16:03:51.857Z",0.35457192064218396
"2025-01-20T17:03:54.090Z",0.35970646385083943
"2025-01-20T18:03:55.584Z",0.3511650531443874
"2025-01-20T19:03:57.454Z",0.35411996129659723
"2025-01-20T20:03:55.772Z",0.35070408743255743
"2025-01-20T21:03:53.143Z",0.36515118509449274
"2025-01-20T22:03:53.012Z",0.38172897812954615
"2025-01-20T23:03:54.438Z",0.38327101098503286
"2025-01-21T00:03:57.099Z",0.38405862032162624
"2025-01-21T01:03:56.526Z",0.39337372003751614
"2025-01-21T02:08:30.688Z",0.4056610681304285
"2025-01-21T03:08:38.552Z",0.40621647910315184
"2025-01-21T04:03:51.751Z",0.3936085929700951
"2025-01-21T05:08:31.530Z",0.3910377119948484
"2025-01-21T06:09:06.382Z",0.38718472636685336
"2025-01-21T07:03:44.451Z",0.39087501584927303
"2025-01-21T08:03:58.970Z",0.3756232365962645
"2025-01-21T09:03:46.567Z",0.3631868501669023
"2025-01-21T10:03:06.334Z",0.36002703617148624
"2025-01-21T11:03:42.709Z",0.3632761129259806
"2025-01-21T12:03:54.922Z",0.3627152391222145
"2025-01-21T13:03:52.480Z",0.36196241594985445
"2025-01-21T14:03:39.165Z",0.36037238626583723
"2025-01-21T15:03:33.373Z",0.31784256123010957
"2025-01-21T16:03:44.680Z",0.31338407799177304
"2025-01-21T17:03:56.592Z",0.31355916219573754
"2025-01-21T18:04:03.839Z",0.3212865164659152
"2025-01-21T19:03:58.310Z",0.3243822147012538
"2025-01-21T20:03:56.734Z",0.3213381723990092
"2025-01-21T21:03:56.676Z",0.32071489690653726
"2025-01-21T22:03:55.449Z",0.3235195892414584
"2025-01-21T23:03:57.092Z",0.32381798896022423
"2025-01-22T00:03:56.865Z",0.33922087136640605
"2025-01-22T01:08:34.255Z",0.3431854238278178
"2025-01-22T02:03:59.405Z",0.351814064233931
"2025-01-22T03:03:56.408Z",0.3459064457243124
"2025-01-22T04:03:45.562Z",0.34547281287820075
"2025-01-22T05:08:37.110Z",0.34550016748482865
"2025-01-22T06:03:53.490Z",0.3440912949928053
"2025-01-22T07:04:16.252Z",0.34295124829805235
"2025-01-22T08:03:50.577Z",0.3410956028941106
"2025-01-22T09:03:56.216Z",0.3398301832871281
"2025-01-22T10:03:36.690Z",0.33883939757290743
"2025-01-22T11:03:54.787Z",0.3295933887954192
"2025-01-22T12:03:56.259Z",0.3317942648228489
"2025-01-22T13:03:54.191Z",0.3305109847675971
"2025-01-22T14:03:52.555Z",0.3153768766573394
"2025-01-22T15:08:36.222Z",0.24451638293458566
"2025-01-22T16:02:50.694Z",0.21185608368709902
"2025-01-22T17:03:00.293Z",0.20824464573702048
"2025-01-22T18:02:41.305Z",0.22494847983708166
"2025-01-22T19:02:54.974Z",0.2241968494290721
"2025-01-22T20:02:53.834Z",0.20095808467218707
"2025-01-22T21:03:45.780Z",0.20155145857506182
"2025-01-22T22:03:50.481Z",0.21142064511289532
"2025-01-22T23:03:56.336Z",0.2155379518958259
"2025-01-23T00:04:01.175Z",0.21431423798761365
"2025-01-23T01:03:16.248Z",0.21382135905900013
"2025-01-23T02:03:45.197Z",0.21421356675311126
"2025-01-23T03:03:35.150Z",0.2136726679063668
"2025-01-23T04:03:31.644Z",0.2136162797641418
"2025-01-23T05:03:41.567Z",0.21147161916128543
"2025-01-23T06:03:36.748Z",0.21237811029791445
"2025-01-23T07:03:30.771Z",0.21708922844024353
"2025-01-23T08:03:25.587Z",0.22240261703447092
"2025-01-23T09:03:39.166Z",0.22207803032720616
"2025-01-23T10:03:31.662Z",0.22184735467547204
"2025-01-23T11:03:33.019Z",0.22217315395324969
"2025-01-23T12:03:39.359Z",0.2232082182747227
"2025-01-23T13:03:42.041Z",0.2220386379576092
"2025-01-23T14:03:33.398Z",0.2215769772589472
"2025-01-23T15:03:36.047Z",0.22719597036806916
"2025-01-23T16:03:34.281Z",0.22645267214520104
"2025-01-23T17:03:36.828Z",0.23668721214135
"2025-01-23T18:03:08.044Z",0.26888720516938247
"2025-01-23T19:03:02.728Z",0.2721553492294404
"2025-01-23T20:03:09.662Z",0.26432709090043416
"2025-01-23T21:09:13.275Z",0.30761110146423776
"2025-01-23T22:03:42.110Z",0.3057162171719361
"2025-01-23T23:03:46.665Z",0.3127961323322897
"2025-01-24T00:03:46.001Z",0.20225036364146212
"2025-01-24T01:03:44.239Z",0.2011872075604728
"2025-01-24T02:03:47.315Z",0.19609434918247517
"2025-01-24T03:03:49.964Z",0.194429873981621
"2025-01-24T04:03:42.917Z",0.19543561944915483
"2025-01-24T05:03:53.568Z",0.1969881905043135
"2025-01-24T06:03:43.863Z",0.20244257888334044
"2025-01-24T07:08:26.257Z",0.20494397277727794
"2025-01-24T08:03:44.039Z",0.20291586489427627
"2025-01-24T09:00:41.537Z",0.2032701719753061
"2025-01-24T11:03:42.393Z",0.12079115276462114
"2025-01-24T12:03:46.516Z",0.14275053275239782
"2025-01-24T13:03:45.152Z",0.14178626728563934
"2025-01-24T14:03:48.784Z",0.13886242678570124
"2025-01-24T15:03:48.949Z",0.13893290176362055
"2025-01-24T16:03:42.448Z",0.13961401546542668
"2025-01-24T17:03:45.502Z",0.15624539159986278
"2025-01-24T18:03:50.025Z",0.16303289894669212
"2025-01-24T19:03:48.828Z",0.16552773776318971
"2025-01-24T20:03:49.828Z",0.16562046442617306
"2025-01-24T21:03:44.034Z",0.1585907429612785
"2025-01-24T22:03:50.430Z",0.15830894854351757
"2025-01-24T23:03:50.778Z",0.1620823735379963
"2025-01-25T00:03:50.042Z",0.16133334338245311
"2025-01-25T01:03:51.812Z",0.1595297219540629
"2025-01-25T02:03:48.863Z",0.16042976766365027
"2025-01-25T03:03:51.211Z",0.16055209550294533
"2025-01-25T04:03:53.434Z",0.1606561747158134
"2025-01-25T05:03:46.510Z",0.16003136528438502
"2025-01-25T06:03:44.041Z",0.15953549004908116
"2025-01-25T07:03:46.494Z",0.16065720419429746
"2025-01-25T08:03:23.290Z",0.1599339134045559
"2025-01-25T09:04:00.312Z",0.1599216534614695
"2025-01-25T10:03:49.368Z",0.15961370635127323
"2025-01-25T11:08:40.251Z",0.16028175297673417
"2025-01-25T12:03:53.918Z",0.16112628040049312
"2025-01-25T13:00:57.116Z",0.16099774449587484
"2025-01-25T14:00:56.578Z",0.16073687374866785
"2025-01-25T15:00:54.743Z",0.16747975246165211
"2025-01-25T16:00:57.604Z",0.16543195409437766
"2025-01-25T17:00:58.603Z",0.16165380627165676
"2025-01-25T18:00:47.043Z",0.15841790264338035
"2025-01-25T19:00:58.860Z",0.1580831640510381
"2025-01-25T20:00:54.992Z",0.15152161284450158
"2025-01-25T21:01:00.289Z",0.13202258172564696
"2025-01-25T22:00:49.154Z",0.10976493857336583
"2025-01-25T23:00:48.480Z",0.10961387729665414
"2025-01-26T00:00:54.954Z",0.10630528743274434
"2025-01-26T01:00:57.505Z",0.09884470388945607
"2025-01-26T02:01:03.187Z",0.09390518079325767
"2025-01-26T03:00:59.811Z",0.08958439964631662
"2025-01-26T04:03:31.970Z",0.09013801007323953
"2025-01-26T05:05:03.647Z",0.09069775255642275
"2025-01-26T06:03:44.953Z",0.09099001096953438
"2025-01-26T07:03:50.106Z",0.09099029432722859
"2025-01-26T08:08:06.339Z",0.09507728800628502
"2025-01-26T09:03:50.742Z",0.09643723825318179
"2025-01-26T10:03:52.528Z",0.09561850539687597
"2025-01-26T11:03:46.669Z",0.09758420861195499
"2025-01-26T12:03:48.403Z",0.09783038991683632
"2025-01-26T13:03:47.142Z",0.09773195430181175
"2025-01-26T14:08:21.882Z",0.09854570408666782
"2025-01-26T15:03:47.047Z",0.09706933667555129
"2025-01-26T16:03:53.284Z",0.09719688692558177
"2025-01-26T17:03:47.010Z",0.09722156791609134
"2025-01-26T18:03:55.548Z",0.09783059821895751
"2025-01-26T19:03:54.028Z",0.09786606167878228
"2025-01-26T20:03:49.360Z",0.1180703758547205
"2025-01-26T21:03:44.794Z",0.1536550543613777
"2025-01-26T22:03:50.441Z",0.15305297587176475
"2025-01-26T23:03:45.341Z",0.15215207981013962
"2025-01-27T00:03:57.203Z",0.1496435939210908
"2025-01-27T01:03:49.633Z",0.14857981521735644
"2025-01-27T02:03:57.801Z",0.14760921269555213
"2025-01-27T03:03:52.091Z",0.14713924017201452
"2025-01-27T04:04:02.724Z",0.14663434148421817
"2025-01-27T05:04:10.411Z",0.14565307531356786
"2025-01-27T06:03:55.724Z",0.14454869898410008
"2025-01-27T07:03:46.441Z",0.1434351152586402
"2025-01-27T08:00:50.920Z",0.13785618643383185
"2025-01-27T09:03:17.041Z",0.13678493845730053
"2025-01-27T10:01:13.086Z",0.1377058464408441
"2025-01-27T11:01:15.060Z",0.13499548962385213
"2025-01-27T12:01:21.413Z",0.13574752906982443
"2025-01-27T13:01:15.128Z",0.13795942371068573
"2025-01-27T14:03:44.034Z",0.13752340877289504
"2025-01-27T15:03:41.457Z",0.13898699212803983
"2025-01-27T16:03:30.543Z",0.13908022971644005
"2025-01-27T17:03:44.740Z",0.14164954026912938
"2025-01-27T18:03:37.464Z",0.14112560860101578
"2025-01-27T19:03:32.751Z",0.14034652016310653
"2025-01-27T20:02:10.598Z",0.14489192055581443
"2025-01-27T21:03:39.405Z",0.14847473476535422
"2025-01-27T22:03:37.511Z",0.14984371571459393
"2025-01-27T23:03:38.674Z",0.1504245209628959
"2025-01-28T00:03:42.671Z",0.14892407239179972
"2025-01-28T01:03:37.566Z",0.14862182777594832
"2025-01-28T02:03:33.854Z",0.1487700456705293
"2025-01-28T03:03:35.135Z",0.1496232802274853
"2025-01-28T04:03:35.033Z",0.15058486125667908
"2025-01-28T05:03:28.611Z",0.1505738532316254
"2025-01-28T06:03:31.886Z",0.1506735724720023
"2025-01-28T07:03:28.947Z",0.150034328050672
"2025-01-28T08:03:33.366Z",0.1499390711350004
"2025-01-28T09:03:33.871Z",0.14905459260594756
"2025-01-28T10:03:36.103Z",0.14893473765442428
"2025-01-28T11:03:34.792Z",0.14897183865652433
"2025-01-28T12:03:41.802Z",0.14869121856395756
"2025-01-28T13:03:38.362Z",0.14362269436589695
"2025-01-28T14:03:41.850Z",0.1433032722828048
"2025-01-28T15:03:35.108Z",0.1454943825187219
"2025-01-28T16:03:36.570Z",0.14584461971910903
"2025-01-28T17:03:40.968Z",0.148400439117617
"2025-01-28T18:03:44.472Z",0.14869075822635186
"2025-01-28T19:03:40.046Z",0.14299809538744931
"2025-01-28T20:03:53.689Z",0.14273954169458578
"2025-01-28T21:08:27.039Z",0.14162184741533956
"2025-01-28T22:03:55.917Z",0.14055205148593966
"2025-01-28T23:03:56.932Z",0.1408435121932695
"2025-01-29T00:04:01.936Z",0.14065282849666338
"2025-01-29T01:03:52.966Z",0.14211621878432476
"2025-01-29T02:03:52.622Z",0.14668519461543125
"2025-01-29T03:03:55.408Z",0.1467208563859103
"2025-01-29T04:03:49.483Z",0.14742399377390894
"2025-01-29T05:03:47.656Z",0.14731146178972004
"2025-01-29T06:03:54.007Z",0.14778548236129527
"2025-01-29T07:03:51.973Z",0.14880003081142873
"2025-01-29T08:03:49.511Z",0.14732966610176138
"2025-01-29T09:03:48.194Z",0.1468554547115436
"2025-01-29T10:03:53.553Z",0.14467351312014826
"2025-01-29T11:03:54.630Z",0.14485380515631105
"2025-01-29T12:03:56.644Z",0.14482630647816516
"2025-01-29T13:03:53.703Z",0.1439014435218377
"2025-01-29T14:06:50.768Z",0.14319587536687875
"2025-01-29T15:03:54.743Z",0.14638731246318368
"2025-01-29T16:03:52.801Z",0.1498560237526169
"2025-01-29T17:03:16.779Z",0.14902551647702447
"2025-01-29T18:03:16.752Z",0.15077602579565802
"2025-01-29T19:03:08.810Z",0.150684052733656
"2025-01-29T20:03:33.576Z",0.15113681608257332
"2025-01-29T21:03:16.633Z",0.15153239683261868
"2025-01-29T22:03:26.238Z",0.1516913853118069
"2025-01-29T23:03:25.820Z",0.14261665800919038
"2025-01-30T00:03:20.793Z",0.1410942782033806
"2025-01-30T01:03:43.644Z",0.14155073505052815
"2025-01-30T02:05:49.483Z",0.14017597224954767
"2025-01-30T03:03:39.891Z",0.14037356041357366
"2025-01-30T04:03:40.198Z",0.1424765074055008
"2025-01-30T05:03:41.920Z",0.1423795672418763
"2025-01-30T06:03:41.576Z",0.14208733582059738
"2025-01-30T07:03:40.987Z",0.1423466570924301
"2025-01-30T08:03:42.717Z",0.1421226065073921
"2025-01-30T09:03:40.361Z",0.14315354010919495
"2025-01-30T10:03:40.062Z",0.13164946553478069
"2025-01-30T11:03:43.643Z",0.13112177983078308
"2025-01-30T12:04:06.594Z",0.1313986044772033
"2025-01-30T13:03:46.418Z",0.13133619772475683
"2025-01-30T14:03:45.558Z",0.12166803856253064
"2025-01-30T15:03:48.321Z",0.12265035159122807
"2025-01-30T16:00:42.898Z",0.12239701593269608
"2025-01-30T17:00:45.843Z",0.12229180868939335
"2025-01-30T18:00:40.654Z",0.12222596559927677
"2025-01-30T19:00:46.185Z",0.11732021065893833
"2025-01-30T20:00:42.239Z",0.12610334277664992
"2025-01-30T21:00:44.024Z",0.12489643993988972
"2025-01-30T22:00:38.599Z",0.12466614459982459
"2025-01-30T23:00:40.476Z",0.12574664763553836
"2025-01-31T00:00:46.964Z",0.1250732749490979
"2025-01-31T01:00:48.555Z",0.12588433489808531
"2025-01-31T02:00:40.876Z",0.12592431264460027
"2025-01-31T03:00:45.037Z",0.12534737040582303
"2025-01-31T04:00:48.089Z",0.1245754144603215
"2025-01-31T05:00:46.082Z",0.12391052870995839
"2025-01-31T06:08:27.380Z",0.12507881929131903
"2025-01-31T07:03:57.093Z",0.1256523241033063
"2025-01-31T08:08:32.420Z",0.12501026942089172
"2025-01-31T09:03:55.106Z",0.12467756234220773
"2025-01-31T10:08:33.172Z",0.1257798393328097
"2025-01-31T11:03:49.729Z",0.10854588055729492
"2025-01-31T12:03:50.457Z",0.11067004531963946
"2025-01-31T13:03:44.472Z",0.10577879405385242
"2025-01-31T14:03:47.824Z",0.10479442147639917
"2025-01-31T15:03:46.289Z",0.09789668914778567
"2025-01-31T16:03:31.114Z",0.09960670450433763
"2025-01-31T17:06:25.640Z",0.09514370327019016
"2025-01-31T18:03:50.756Z",0.09037221004487679
"2025-01-31T19:03:48.799Z",0.08676268507184882
"2025-01-31T20:03:47.439Z",0.08732875986784971
"2025-01-31T21:03:51.084Z",0.08237377619989622
"2025-01-31T22:03:46.299Z",0.0850053675915805
"2025-01-31T23:03:52.116Z",0.08634563324544141
"2025-02-01T00:03:50.042Z",0.08665803892373536
"2025-02-01T01:03:59.774Z",0.08719972247934843
"2025-02-01T02:03:56.230Z",0.08516633028044784
"2025-02-01T03:03:57.352Z",0.0850868425025299
"2025-02-01T04:03:56.102Z",0.08445361711142382
"2025-02-01T05:03:55.220Z",0.08464237482491561
"2025-02-01T06:03:53.354Z",0.0847306985235708
"2025-02-01T07:03:46.926Z",0.08423373498679072
"2025-02-01T08:08:19.220Z",0.08333829475483961
"2025-02-01T09:03:42.141Z",0.08285705538654535
"2025-02-01T10:03:38.245Z",0.08318308644270071
"2025-02-01T11:03:36.222Z",0.0848324519722998
"2025-02-01T12:03:36.734Z",0.08485911359479323
"2025-02-01T13:08:17.040Z",0.08525355167320145
"2025-02-01T14:03:39.653Z",0.08476111390502829
"2025-02-01T15:03:39.614Z",0.08469265696427576
"2025-02-01T16:03:37.669Z",0.08457624089481866
"2025-02-01T17:08:16.501Z",0.08482199384827954
"2025-02-01T18:03:42.172Z",0.08500053068332171
"2025-02-01T19:03:41.283Z",0.0850475599125623
"2025-02-01T20:08:24.344Z",0.08362584086421156
"2025-02-01T21:03:39.182Z",0.08282346013058427
"2025-02-01T22:07:38.839Z",0.08212417790860622
"2025-02-01T23:03:39.897Z",0.08172903639230807
"2025-02-02T00:08:25.181Z",0.08116767208586285
"2025-02-02T01:03:38.553Z",0.08212592287188414
"2025-02-02T02:03:38.381Z",0.08219557100246987
"2025-02-02T03:03:37.950Z",0.0811507501606189
"2025-02-02T04:07:31.923Z",0.08031320517026057
"2025-02-02T05:03:36.799Z",0.08055788118649991
"2025-02-02T06:03:40.381Z",0.0811718995894221
"2025-02-02T07:03:31.777Z",0.08150226366946668
"2025-02-02T08:03:48.816Z",0.08066710102592399
"2025-02-02T09:03:43.268Z",0.08097190116568448
"2025-02-02T10:03:43.927Z",0.08083326321220051
"2025-02-02T11:03:45.318Z",0.08060080980643905
"2025-02-02T12:03:43.712Z",0.07975356603280512
"2025-02-02T13:03:47.195Z",0.07938742079007453
"2025-02-02T14:03:43.561Z",0.081433669866041
"2025-02-02T15:03:39.957Z",0.08154968349588801
"2025-02-02T16:03:42.758Z",0.08132217600381979
"2025-02-02T17:03:46.817Z",0.07953537046468939
"2025-02-02T18:03:45.683Z",0.07842155311021821
"2025-02-02T19:03:45.348Z",0.07714667737979793
"2025-02-02T20:03:45.636Z",0.07806443182518348
"2025-02-02T21:03:43.459Z",0.07774252107064493
"2025-02-02T22:07:45.507Z",0.07704520951243929
"2025-02-02T23:03:43.079Z",0.07524177893881619
"2025-02-03T00:03:48.179Z",0.07558066985724911
"2025-02-03T01:03:45.761Z",0.07500498751048157
"2025-02-03T02:03:50.711Z",0.06632676426908113
"2025-02-03T03:03:48.996Z",0.06583512787537514
"2025-02-03T04:03:49.585Z",0.06692680125387969
"2025-02-03T05:03:40.995Z",0.06519761253640018
"2025-02-03T06:03:43.844Z",0.06353648982040751
"2025-02-03T07:04:05.150Z",0.0646571456968598
"2025-02-03T08:03:39.626Z",0.06654920100043951
"2025-02-03T09:03:50.201Z",0.06345511466074791
"2025-02-03T10:03:39.620Z",0.058711585746524325
"2025-02-03T11:03:39.027Z",0.05925670762968033
"2025-02-03T12:03:44.288Z",0.05856162971750178
"2025-02-03T13:03:39.367Z",0.05903203202503416
"2025-02-03T14:03:51.586Z",0.057841241325432405
"2025-02-03T15:05:33.382Z",0.05896798115733582
"2025-02-03T16:03:45.643Z",0.061618028788572116
"2025-02-03T17:03:46.307Z",0.06164638541328368
"2025-02-03T18:03:50.657Z",0.06109157326763941
"2025-02-03T19:06:39.978Z",0.06077012991226875
"2025-02-03T20:03:45.315Z",0.061450706635894706
"2025-02-03T21:03:50.469Z",0.060179772612974455
"2025-02-03T22:03:42.546Z",0.060868151011128246
"2025-02-03T23:03:45.898Z",0.0628040516789669
"2025-02-04T00:03:52.506Z",0.0630955533059374
"2025-02-04T01:03:44.935Z",0.06284459681023438
"2025-02-04T02:06:02.760Z",0.0665292574462949
"2025-02-04T03:03:45.118Z",0.06531225688995906
"2025-02-04T04:03:51.919Z",0.06531135564209262
"2025-02-04T05:03:49.365Z",0.06531611486243741
"2025-02-04T06:03:48.225Z",0.06279800778716514
"2025-02-04T07:03:45.137Z",0.06311951418316059
"2025-02-04T08:01:56.142Z",0.06261807419519637
"2025-02-04T09:03:45.346Z",0.06332433503518015
"2025-02-04T10:05:32.340Z",0.06384873434843318
"2025-02-04T11:03:39.597Z",0.06471491552623351
"2025-02-04T12:03:44.731Z",0.0651884889950961
"2025-02-04T13:03:42.998Z",0.06621301716816198
"2025-02-04T14:03:45.597Z",0.06647430651302681
"2025-02-04T15:03:44.146Z",0.06600359082609043
"2025-02-04T16:03:50.761Z",0.06538267367710426
"2025-02-04T17:03:59.549Z",0.06559151902949306
"2025-02-04T18:03:56.065Z",0.06614790723105816
"2025-02-04T19:03:47.794Z",0.0665438704570459
"2025-02-04T20:03:57.730Z",0.06557396258945458
"2025-02-04T21:06:06.530Z",0.06872571740089167
"2025-02-04T22:03:49.597Z",0.06749085907661369
"2025-02-04T23:03:50.616Z",0.06817991982950071
"2025-02-05T00:03:59.326Z",0.07036953561966276
"2025-02-05T01:03:46.723Z",0.0702985525880147
"2025-02-05T02:03:48.298Z",0.07008712462044914
"2025-02-05T03:05:49.510Z",0.07054178416935335
"2025-02-05T04:03:44.277Z",0.06998914472892541
"2025-02-05T05:03:51.988Z",0.07022993093616174
"2025-02-05T06:03:50.207Z",0.0704739722725157
"2025-02-05T07:03:46.193Z",0.0700371139194948
"2025-02-05T08:03:54.687Z",0.07064276609576793
"2025-02-05T09:03:58.592Z",0.06891615870423552
"2025-02-05T10:03:52.311Z",0.06832424613826718
"2025-02-05T11:03:47.903Z",0.06905550549319156
"2025-02-05T12:03:54.367Z",0.06904851480497777
"2025-02-05T13:03:53.533Z",0.06890420964082128
"2025-02-05T14:03:58.405Z",0.0695505606552022
"2025-02-05T15:08:03.384Z",0.06754916964134206
"2025-02-05T16:03:55.132Z",0.06709020324312552
"2025-02-05T17:03:53.261Z",0.0670811018291355
"2025-02-05T18:03:49.869Z",0.06663918450412845
"2025-02-05T19:03:53.585Z",0.06601849863852788
"2025-02-05T20:03:58.474Z",0.06723263945589214
"2025-02-05T21:03:53.789Z",0.06556371412206603
"2025-02-05T22:03:56.216Z",0.06600219491534401
"2025-02-05T23:04:08.277Z",0.06434675792400112
"2025-02-06T00:04:11.665Z",0.06515136982756858
"2025-02-06T01:04:10.655Z",0.06459300241558635
"2025-02-06T02:04:03.440Z",0.06513962687699557
"2025-02-06T03:04:03.935Z",0.06569199801684182
"2025-02-06T04:04:31.431Z",0.06562858178053722
"2025-02-06T05:04:01.901Z",0.06586342845976144
"2025-02-06T06:08:43.821Z",0.06600764953138806
"2025-02-06T07:04:19.800Z",0.06636951927738084
"2025-02-06T08:03:59.563Z",0.06609341404729356
"2025-02-06T09:08:39.180Z",0.0660155295802821
"2025-02-06T10:04:01.857Z",0.06646442374608745
"2025-02-06T11:04:08.219Z",0.0660460518116908
"2025-02-06T12:04:05.957Z",0.0654646401512024
"2025-02-06T13:02:47.481Z",0.06471042223993785
"2025-02-06T14:08:38.118Z",0.06504602833984864
"2025-02-06T15:04:04.910Z",0.06429640607501509
"2025-02-06T16:04:08.025Z",0.06318749939182307
"2025-02-06T17:04:06.146Z",0.06412203534068196
"2025-02-06T18:04:07.143Z",0.06396807703665648
"2025-02-06T19:02:47.308Z",0.0642782846020977
"2025-02-06T20:03:50.861Z",0.06414473321274293
"2025-02-06T21:03:48.655Z",0.06471133280184586
"2025-02-06T22:03:48.916Z",0.06382301132420165
"2025-02-06T23:04:07.316Z",0.0636372025161638
"2025-02-07T00:03:54.938Z",0.06326925259053012
"2025-02-07T01:08:07.469Z",0.0634439137370577
"2025-02-07T02:04:02.049Z",0.0645679661531022
"2025-02-07T03:03:52.149Z",0.06436697279660358
"2025-02-07T04:03:56.867Z",0.06403122003151933
"2025-02-07T05:03:50.370Z",0.062459125180434935
"2025-02-07T06:03:50.599Z",0.06226423241435884
"2025-02-07T07:03:46.200Z",0.06168973635905528
"2025-02-07T08:03:53.660Z",0.06235739940191292
"2025-02-07T09:03:57.817Z",0.06275452386665635
"2025-02-07T10:03:51.134Z",0.06288525419808426
"2025-02-07T11:05:40.571Z",0.06455841520501883
"2025-02-07T12:03:56.963Z",0.06493404876754331
"2025-02-07T13:04:00.255Z",0.0649186551007831
"2025-02-07T14:03:52.673Z",0.06530271152803489
"2025-02-07T15:04:03.478Z",0.06550836325775544
"2025-02-07T16:03:57.679Z",0.06418962162893922
"2025-02-07T17:03:57.410Z",0.06345137593990698
"2025-02-07T18:04:05.519Z",0.06307473893365503
"2025-02-07T19:03:53.125Z",0.0632074941497086
"2025-02-07T20:04:09.733Z",0.06174975594792202
"2025-02-07T21:04:02.116Z",0.05958782529476117
"2025-02-07T22:03:58.310Z",0.059510910479325864
"2025-02-07T23:04:03.757Z",0.059202827524721155
"2025-02-08T00:04:01.745Z",0.060632914613347924
"2025-02-08T01:04:09.202Z",0.06131381761755785
"2025-02-08T02:04:08.698Z",0.06098341346571282
"2025-02-08T03:08:52.411Z",0.0612888395002554
"2025-02-08T04:04:01.504Z",0.060756258906746914
"2025-02-08T05:04:04.240Z",0.06067760990883136
"2025-02-08T06:04:00.803Z",0.06029402809101802
"2025-02-08T07:03:59.485Z",0.060305543573299265
"2025-02-08T08:04:04.978Z",0.06050301722036741
"2025-02-08T09:04:02.431Z",0.059963346618976565
"2025-02-08T10:04:02.011Z",0.06007277337212933
"2025-02-08T11:04:02.802Z",0.06013173264045131
"2025-02-08T12:03:59.428Z",0.06000385637517377
"2025-02-08T13:08:38.730Z",0.059771754410345754
"2025-02-08T14:04:02.188Z",0.06023750841786085
"2025-02-08T15:04:01.473Z",0.06035423627860985
"2025-02-08T16:04:00.353Z",0.05999792741328449
"2025-02-08T17:03:59.606Z",0.0602186006505476
"2025-02-08T18:04:05.747Z",0.060666651764721115
"2025-02-08T19:04:18.663Z",0.06045477041909061
"2025-02-08T20:04:05.937Z",0.060505080496201846
"2025-02-08T21:04:04.253Z",0.06056826952183171
"2025-02-08T22:03:54.635Z",0.06133141909566152
"2025-02-08T23:03:54.892Z",0.06431541138952478
"2025-02-09T00:03:56.396Z",0.06551044852136474
"2025-02-09T01:03:54.565Z",0.06602799152935734
"2025-02-09T02:03:52.104Z",0.06642924324745256
"2025-02-09T03:03:53.026Z",0.0662134269002354
"2025-02-09T04:08:33.917Z",0.06723944940857347
"2025-02-09T05:03:50.417Z",0.06696485835859411
"2025-02-09T06:03:53.083Z",0.06677038825879447
"2025-02-09T07:03:52.071Z",0.06681357077424406
"2025-02-09T08:03:55.990Z",0.06678031089649297
"2025-02-09T09:03:51.939Z",0.06687785973841792
"2025-02-09T10:03:50.091Z",0.06668666858935103
"2025-02-09T11:03:51.979Z",0.06674791832829695
"2025-02-09T12:07:16.516Z",0.06687357849270559
"2025-02-09T14:03:58.551Z",0.06568145859472518
"2025-02-09T15:03:55.299Z",0.06586938396678553
"2025-02-09T16:03:53.803Z",0.06650307797555345
"2025-02-09T17:03:53.756Z",0.06667037934821542
"2025-02-09T18:08:31.666Z",0.0661698995324842
"2025-02-09T19:06:06.109Z",0.06615055408288044
"2025-02-09T20:03:55.707Z",0.06546449229342531
"2025-02-09T21:03:50.208Z",0.06058669826143848
"2025-02-09T22:03:52.592Z",0.05872954500650142
"2025-02-09T23:03:51.193Z",0.06018096253041177
"2025-02-10T00:03:54.791Z",0.06044060921616491
"2025-02-10T01:03:51.605Z",0.06074985840151339
"2025-02-10T02:03:52.677Z",0.0591627146444401
"2025-02-10T03:03:51.944Z",0.05931407937219551
"2025-02-10T04:03:44.866Z",0.06039343489218809
"2025-02-10T05:03:58.411Z",0.06030140418802368
"2025-02-10T06:03:50.614Z",0.06087843488955676
"2025-02-10T07:04:02.539Z",0.05681088323332413
"2025-02-10T08:08:16.680Z",0.06465730360469472
"2025-02-10T09:03:56.226Z",0.06486038846526337
"2025-02-10T10:03:57.249Z",0.0648647772958422
"2025-02-10T11:04:07.733Z",0.06603138418549705
"2025-02-10T12:03:56.944Z",0.0661938934598038
"2025-02-10T13:04:00.680Z",0.06588235486263665
"2025-02-10T14:04:09.786Z",0.0668750321660172
"2025-02-10T15:04:03.166Z",0.06613203823109699
"2025-02-10T16:04:00.454Z",0.06626586292398552
"2025-02-10T17:04:03.309Z",0.06649287109836609
"2025-02-10T18:04:02.969Z",0.06633241805985077
"2025-02-10T19:07:32.439Z",0.06574762504499945
"2025-02-10T20:04:25.449Z",0.06544406103497827
"2025-02-10T21:04:16.351Z",0.0656374871584836
"2025-02-10T22:04:08.221Z",0.06539305825582738
"2025-02-10T23:04:01.408Z",0.06507964123440427
"2025-02-11T00:08:48.741Z",0.0652200784697331
"2025-02-11T01:08:43.768Z",0.0660200750017446
"2025-02-11T02:04:09.658Z",0.0657227377562814
"2025-02-11T03:02:03.083Z",0.06530225758354963
"2025-02-11T04:04:05.168Z",0.06557626965759689
"2025-02-11T05:04:06.477Z",0.06593763331877485
"2025-02-11T06:04:04.771Z",0.06647156024693816
"2025-02-11T07:04:17.970Z",0.0666842917712991
"2025-02-11T08:04:03.981Z",0.06646165497307081
"2025-02-11T09:04:03.948Z",0.06651659829831438
"2025-02-11T10:04:10.178Z",0.06625463288537507
"2025-02-11T11:04:10.239Z",0.06612570081136875
"2025-02-11T12:04:15.652Z",0.06630810360334598
"2025-02-11T13:04:00.819Z",0.06588610374731386
"2025-02-11T14:04:06.884Z",0.06475828045242403
"2025-02-11T15:04:08.957Z",0.06514251492631742
"2025-02-11T16:08:53.597Z",0.06521407756177637
"2025-02-11T17:04:16.662Z",0.0648295245711209
"2025-02-11T18:04:19.538Z",0.0646024828984066
"2025-02-11T19:08:50.157Z",0.06403099078208871
"2025-02-11T20:03:26.410Z",0.06354338775760893
"2025-02-11T21:04:21.692Z",0.06352308747369659
"2025-02-11T22:04:23.671Z",0.06421066118708332
"2025-02-11T23:04:12.801Z",0.06373951260379042
"2025-02-12T00:04:23.043Z",0.06374313033384452
"2025-02-12T01:08:42.617Z",0.06393297702146354
"2025-02-12T02:04:15.272Z",0.06411732551475689
"2025-02-12T03:03:22.186Z",0.06344107149263566
"2025-02-12T04:08:50.001Z",0.06340943645082897
"2025-02-12T05:04:20.484Z",0.06333692934592636
"2025-02-12T06:04:15.445Z",0.06369669583292138
"2025-02-12T07:04:24.216Z",0.06365563384682789
"2025-02-12T08:04:19.079Z",0.06382645968924289
"2025-02-12T09:04:28.331Z",0.06400430242994164
"2025-02-12T10:04:12.747Z",0.06387169152882867
"2025-02-12T11:04:03.581Z",0.06411802153702335
"2025-02-12T12:04:04.922Z",0.06446474336596139
"2025-02-12T13:04:11.278Z",0.06463125125522882
"2025-02-12T14:04:16.558Z",0.0636146697061129
"2025-02-12T15:04:12.231Z",0.06305693750281716
"2025-02-12T16:04:00.964Z",0.0627459511722626
"2025-02-12T17:04:23.896Z",0.062131971896305795
"2025-02-12T18:04:17.814Z",0.06267552289819647
"2025-02-12T19:04:18.862Z",0.062470831050846345
"2025-02-12T20:08:57.539Z",0.0628650463689895
"2025-02-12T21:04:15.700Z",0.0628035893442184
"2025-02-12T22:04:23.117Z",0.06303618726303244
"2025-02-12T23:04:16.073Z",0.06446386782390631
"2025-02-13T00:04:23.407Z",0.06422306918226321
"2025-02-13T01:03:58.040Z",0.06395298125058883
"2025-02-13T02:03:57.565Z",0.06460803789443685
"2025-02-13T03:03:58.504Z",0.06427469569488499
"2025-02-13T04:03:56.226Z",0.06441702942262174
"2025-02-13T05:03:56.344Z",0.06377424247134206
"2025-02-13T06:04:02.580Z",0.06388634447911219
"2025-02-13T07:03:56.356Z",0.06329036541369247
"2025-02-13T08:03:44.851Z",0.06296830382973898
"2025-02-13T09:03:38.104Z",0.06258087333464371
"2025-02-13T10:03:55.246Z",0.06295032126372038
"2025-02-13T11:03:51.910Z",0.06288498502625083
"2025-02-13T12:03:41.468Z",0.062360192921567664
"2025-02-13T13:03:47.704Z",0.062430160457954575
"2025-02-13T14:03:55.835Z",0.0624816794621727
"2025-02-13T15:03:51.248Z",0.06188006726949379
"2025-02-13T16:03:50.293Z",0.06234021165697281
"2025-02-13T17:03:40.658Z",0.06172671425176073
"2025-02-13T18:02:56.647Z",0.06197578404178406
"2025-02-13T19:02:57.113Z",0.06146629426695584
"2025-02-13T20:03:32.902Z",0.061737488956399036
"2025-02-13T21:03:52.396Z",0.06189533811526853
"2025-02-13T22:03:53.526Z",0.06012614252020314
"2025-02-13T23:03:56.733Z",0.060097342895657435
"2025-02-14T00:03:52.772Z",0.06031715603471386
"2025-02-14T01:03:54.777Z",0.06021157109235421
"2025-02-14T02:03:51.682Z",0.06033293865408106
"2025-02-14T03:03:49.340Z",0.06080539075593982
"2025-02-14T04:03:52.356Z",0.06125992453667723
"2025-02-14T05:03:47.947Z",0.06079718299469699
"2025-02-14T06:05:21.165Z",0.06068595798603867
"2025-02-14T07:02:01.492Z",0.060807391541168015
"2025-02-14T08:03:48.408Z",0.060847138510583494
"2025-02-14T16:03:44.032Z",0.059242994642415135
"2025-02-14T17:03:27.462Z",0.0579320919027914
"2025-02-14T18:03:58.363Z",0.05890587235663324
"2025-02-14T19:03:55.322Z",0.05683823979442074
"2025-02-14T20:03:47.457Z",0.05634523259014765
"2025-02-14T21:03:51.036Z",0.05523286882892253
"2025-02-14T22:03:50.236Z",0.05484046146003557
"2025-02-14T23:03:50.352Z",0.0542252159156784
"2025-02-15T00:03:59.715Z",0.05458474921754385
"2025-02-15T01:03:53.140Z",0.05434169486008816
"2025-02-15T02:03:46.918Z",0.05458805328266833
"2025-02-15T03:03:49.207Z",0.05465239134674211
"2025-02-15T04:03:47.442Z",0.054581549456587455
"2025-02-15T05:03:51.367Z",0.05445765408002142
"2025-02-15T06:03:46.784Z",0.05446547056358338
"2025-02-15T16:03:45.388Z",0.05381783606411117
"2025-02-15T17:03:35.016Z",0.0539191131982799
"2025-02-15T18:03:44.769Z",0.053837995504155876
"2025-02-15T19:04:05.692Z",0.05425791870628508
"2025-02-15T20:03:45.900Z",0.0540304941990145
"2025-02-15T21:03:49.662Z",0.05386712174219627
"2025-02-15T22:03:35.610Z",0.05417899824941527
"2025-02-15T23:03:55.825Z",0.054085029962075114
"2025-02-16T00:03:47.308Z",0.054029001870105654
"2025-02-16T01:03:46.463Z",0.05421369897235464
"2025-02-16T02:03:50.911Z",0.054127713394261534
"2025-02-16T03:04:02.154Z",0.05397471176127786
"2025-02-16T04:03:54.372Z",0.054143098534869614
"2025-02-16T05:03:54.858Z",0.054218772449074464
"2025-02-16T06:03:56.410Z",0.054237275016283136
"2025-02-17T21:04:02.744Z",0.05410963335111353
"2025-02-17T22:04:08.966Z",0.05492424781993868
"2025-02-17T23:04:03.220Z",0.05433569619569345
"2025-02-18T00:04:09.575Z",0.054377410945831914
"2025-02-18T01:04:04.543Z",0.05404712872987417
"2025-02-18T02:04:06.972Z",0.054255593194269015
"2025-02-18T03:04:05.329Z",0.053887422935517154
"2025-02-18T04:03:59.265Z",0.05374682236011504
"2025-02-18T05:04:43.415Z",0.05366905883581781
"2025-02-18T14:04:35.289Z",0.05142845362026143
"2025-02-18T15:04:41.704Z",0.05125222424104908
"2025-02-18T16:08:08.798Z",0.050950385383476
"2025-02-18T17:04:45.572Z",0.05028239571007263
"2025-02-18T18:04:54.733Z",0.049760649882073245
"2025-02-18T19:09:16.269Z",0.05010247033263914
"2025-02-18T20:04:43.947Z",0.050208160936963966
"2025-02-18T21:04:44.118Z",0.05002022177814296
"2025-02-18T22:04:41.157Z",0.050504029010184553
"2025-02-18T23:08:57.623Z",0.050574977931101224
"2025-02-19T00:04:45.982Z",0.05085119845440918
"2025-02-19T01:04:47.291Z",0.050801945581035984
"2025-02-19T02:04:53.934Z",0.05072400787241579
"2025-02-19T03:04:33.337Z",0.051243420887854
"2025-02-19T04:08:53.039Z",0.05094184220642987
"2025-02-19T05:04:47.440Z",0.05055199561569827
"2025-02-19T06:04:42.887Z",0.050838320870227285
"2025-02-19T07:04:42.558Z",0.05115082104625197
"2025-02-19T08:09:31.275Z",0.05126344638363921
"2025-02-19T09:04:49.184Z",0.05128375092769924
"2025-02-19T10:04:41.215Z",0.05148384997356066
"2025-02-19T11:04:24.274Z",0.051554411324189094
"2025-02-19T14:04:51.007Z",0.05131064675537304
"2025-02-19T15:04:50.599Z",0.050989799750379414
"2025-02-19T16:04:59.023Z",0.05062203855525081
"2025-02-19T17:04:55.115Z",0.050522785555048216
"2025-02-19T18:04:47.922Z",0.05060547158545617
"2025-02-19T19:04:53.888Z",0.05034832376358901
"2025-02-19T20:04:51.220Z",0.050548713317632735
"2025-02-19T21:04:49.860Z",0.05063171933065089
"2025-02-19T22:04:51.500Z",0.05126095546138822
"2025-02-19T23:05:55.761Z",0.05146080363063656
"2025-02-20T00:04:46.909Z",0.050348789696065814
"2025-02-20T01:04:43.012Z",0.049519273080427625
"2025-02-20T02:04:40.639Z",0.05016392675691846
"2025-02-20T03:04:48.972Z",0.050640908915664105
"2025-02-20T04:04:48.639Z",0.05068543830031115
"2025-02-20T05:04:48.614Z",0.05063054668164522
"2025-02-20T06:04:48.156Z",0.050474205081971195
"2025-02-20T07:04:44.120Z",0.05036139648263924
"2025-02-20T08:04:48.902Z",0.05047864975303034
"2025-02-20T09:08:59.021Z",0.050503079779211764
"2025-02-20T10:04:41.299Z",0.05033452494948494
"2025-02-20T11:09:31.209Z",0.05029231722060631
"2025-02-20T12:04:56.247Z",0.050186698407383115
"2025-02-20T13:04:29.337Z",0.046218198409891026
"2025-02-20T14:04:48.481Z",0.04633707750712613
"2025-02-20T15:09:14.771Z",0.04607982888871664
"2025-02-20T16:04:51.598Z",0.04559308866663638
"2025-02-20T17:04:49.328Z",0.04549580928026498
"2025-02-20T18:04:50.211Z",0.04569791827315839
"2025-02-20T19:04:44.907Z",0.045785095122832985
"2025-02-20T20:05:55.934Z",0.04599045633820637
"2025-02-20T21:09:23.737Z",0.04591763081058473
"2025-02-20T22:06:33.348Z",0.045560067274838065
"2025-02-20T23:06:49.622Z",0.0456858079139674
"2025-02-21T00:04:58.188Z",0.04578482059227094
"2025-02-21T01:09:29.705Z",0.045699110570166956
"2025-02-21T02:07:26.337Z",0.045802693334622904
"2025-02-21T03:04:57.831Z",0.04576443485592212
"2025-02-21T04:04:36.576Z",0.04587869505376178
"2025-02-21T05:09:08.850Z",0.045947457778809625
"2025-02-21T06:09:26.264Z",0.04582218356069738
"2025-02-21T07:00:56.540Z",0.045890869041898125
"2025-02-21T08:04:59.729Z",0.045823830098086986
"2025-02-21T09:02:02.039Z",0.04575064160164305
"2025-02-21T10:02:09.311Z",0.046205617751817314
"2025-02-21T11:02:08.500Z",0.046631472757677525
"2025-02-21T12:02:02.297Z",0.046408813565485436
"2025-02-21T13:02:04.601Z",0.04664187611134044
"2025-02-21T14:02:22.507Z",0.047020508839200684
"2025-02-21T15:02:19.400Z",0.04636017870172276
"2025-02-21T16:02:16.353Z",0.04512340236086668
"2025-02-21T17:02:15.666Z",0.04524558354550619
"2025-02-21T18:02:07.095Z",0.04423280209285639
"2025-02-21T19:02:15.086Z",0.04445666880815262
"2025-02-21T20:02:09.307Z",0.04367664435961975
"2025-02-21T21:02:04.359Z",0.04365992091692421
"2025-02-21T22:02:06.042Z",0.04363651358973953
"2025-02-21T23:02:03.267Z",0.043767418990946015
"2025-02-22T00:02:14.150Z",0.044030081255947436
"2025-02-22T01:02:01.923Z",0.04432321848294768
"2025-02-22T02:02:15.984Z",0.04433506524341712
"2025-02-22T03:02:11.788Z",0.044331618370022786
"2025-02-22T04:02:28.158Z",0.04425164340597728
"2025-02-22T05:02:13.428Z",0.044367383380981354
"2025-02-22T06:02:16.701Z",0.04450960967642628
"2025-02-22T07:01:58.090Z",0.04309224797201943
"2025-02-22T08:01:58.027Z",0.043135337493266306
"2025-02-22T09:02:00.143Z",0.043179267858831555
"2025-02-22T10:02:09.764Z",0.04356020518116978
"2025-02-22T11:02:10.680Z",0.04383057695012498
"2025-02-22T12:02:14.020Z",0.04388406607744312
"2025-02-22T13:02:17.278Z",0.04399286088994662
"2025-02-22T14:02:11.590Z",0.043706419900714236
"2025-02-22T15:02:06.249Z",0.04393051509208918
"2025-02-22T16:02:20.345Z",0.04454647415293877
"2025-02-22T17:02:05.249Z",0.04446921009297953
"2025-02-22T18:02:07.933Z",0.04458477844506015
"2025-02-22T19:02:17.041Z",0.04423327073806837
"2025-02-22T20:02:02.827Z",0.044261453556019716
"2025-02-22T21:01:55.079Z",0.0443327126347427
"2025-02-22T22:00:28.854Z",0.04417806657082624
"2025-02-22T23:02:13.595Z",0.044283991407871696
"2025-02-23T00:02:08.397Z",0.04425588848172583
"2025-02-23T01:02:05.281Z",0.04414018530468872
"2025-02-23T02:04:53.503Z",0.04424922674834518
"2025-02-23T03:04:41.543Z",0.04404622257925478
"2025-02-23T04:04:47.660Z",0.04399266101603528
"2025-02-23T05:06:22.751Z",0.04420060013986899
"2025-02-23T06:04:51.402Z",0.044480717885757616
"2025-02-23T07:09:32.519Z",0.04460124870805862
"2025-02-23T08:04:48.824Z",0.04516881070855353
"2025-02-23T09:04:55.173Z",0.04494982662343662
"2025-02-23T10:04:54.964Z",0.044889171022944846
"2025-02-23T11:04:51.130Z",0.044859474624291816
"2025-02-23T12:04:49.028Z",0.04474697077918214
"2025-02-23T13:04:53.417Z",0.04454463219462904
"2025-02-23T14:05:00.638Z",0.04494413485354938
"2025-02-23T15:04:52.974Z",0.04484956566032248
"2025-02-23T22:04:50.059Z",0.04482529137424421
"2025-02-23T23:09:22.834Z",0.04488967511162077
"2025-02-24T00:04:54.907Z",0.04519367266599283
"2025-02-24T01:04:48.694Z",0.044866002428622466
"2025-02-24T02:04:45.896Z",0.044527080635636526
"2025-02-24T03:09:31.586Z",0.044173684718941786
"2025-02-24T04:04:50.247Z",0.043484527690848415
"2025-02-24T05:04:42.762Z",0.04317741237634706
"2025-02-24T06:04:48.610Z",0.04348739330353808
"2025-02-24T15:04:19.644Z",0.04200504957500631
"2025-02-24T16:04:18.622Z",0.04177662774010916
"2025-02-24T17:03:58.816Z",0.041979911749660835
"2025-02-24T18:04:16.598Z",0.041992165004851804
"2025-02-24T19:04:25.084Z",0.04177727742977612
"2025-02-24T20:04:28.484Z",0.04160155317958453
"2025-02-24T21:04:11.466Z",0.04171001437836624
"2025-02-24T22:04:02.768Z",0.04170851243482088
"2025-02-24T23:04:22.844Z",0.04001135746213024
"2025-02-25T00:04:16.288Z",0.03956112805919586
"2025-02-25T01:04:24.151Z",0.039487004952847016
"2025-02-25T02:03:57.776Z",0.03932172055485795
"2025-02-25T03:04:11.774Z",0.03968284783468278
"2025-02-25T04:04:23.572Z",0.03944170057803781
"2025-02-25T05:04:13.146Z",0.039363132410397184
"2025-02-25T06:04:10.405Z",0.0395363137580547
"2025-02-25T16:04:14.790Z",0.03756070308703933
"2025-02-25T17:04:11.995Z",0.0376722571865028
"2025-02-25T18:04:10.639Z",0.037593270828164514
"2025-02-25T19:04:31.835Z",0.03763797232848334
"2025-02-25T20:04:13.598Z",0.0382838227152649
"2025-02-25T21:04:27.429Z",0.038790013760791886
"2025-02-25T22:04:35.246Z",0.03902727555903979
"2025-02-25T23:04:38.274Z",0.03903545285331336
"2025-02-26T00:04:10.695Z",0.03917072548418082
"2025-02-26T05:04:27.076Z",0.03820533929300581
"2025-02-26T06:04:38.082Z",0.038874666550117426
"2025-02-26T07:04:10.658Z",0.03915973972073686
"2025-02-26T08:03:53.510Z",0.03897867860234972
"2025-02-26T09:03:26.660Z",0.03866736364061609
"2025-02-26T10:02:59.150Z",0.03905688340455235
"2025-02-26T11:04:07.653Z",0.03909068806522735
"2025-02-26T12:04:06.671Z",0.038665349604359356
"2025-02-26T13:04:19.280Z",0.03816802690251981
"2025-02-26T14:04:06.925Z",0.03821580444581264
"2025-02-26T16:04:48.542Z",0.03814421417953413
"2025-02-26T17:04:22.056Z",0.037604920324967414
"2025-02-26T18:04:27.654Z",0.03702839264955182
"2025-02-26T19:04:16.016Z",0.03594123809125415
"2025-02-26T20:04:37.515Z",0.03604008867791707
"2025-02-26T21:04:01.147Z",0.03656172801518863
"2025-02-26T22:04:27.637Z",0.03654390576531122
"2025-02-26T23:04:13.234Z",0.036957892622771715
"2025-02-27T00:04:15.197Z",0.03655930304100411
"2025-02-27T04:03:42.542Z",0.03545721346594577
"2025-02-27T05:04:08.394Z",0.03516310346040512
"2025-02-27T06:04:34.403Z",0.03553259486229301
"2025-02-27T07:04:31.659Z",0.03399239111664944
"2025-02-27T08:04:46.074Z",0.03419142283532776
"2025-02-27T09:04:53.789Z",0.034068597307490116
"2025-02-27T10:04:32.978Z",0.03405220487343172
"2025-02-27T11:04:46.930Z",0.03428261872091709
"2025-02-27T12:04:46.173Z",0.03391265034606639
"2025-02-27T13:04:48.852Z",0.033857627799011136
"2025-02-27T14:04:49.858Z",0.033761273246167546
"2025-02-27T15:04:56.308Z",0.033343443503175495
"2025-02-27T16:09:49.984Z",0.03426209694551973
"2025-02-27T17:04:54.703Z",0.03380289072741262
"2025-02-27T18:04:51.405Z",0.034128001806195796
"2025-02-27T19:04:53.852Z",0.03422846615135123
"2025-02-27T20:04:55.899Z",0.0337781196142961
"2025-02-27T21:04:51.615Z",0.033289052060694505
"2025-02-27T22:04:49.691Z",0.033539802632076246
"2025-02-27T23:04:25.229Z",0.033840246350508134
"2025-02-28T00:04:52.040Z",0.03420962596919566
"2025-02-28T01:04:47.130Z",0.03408155619812726
"2025-02-28T02:04:59.788Z",0.0327697873845475
"2025-02-28T03:09:36.267Z",0.03223314331495269
"2025-02-28T04:05:04.695Z",0.03189243763894804
"2025-02-28T05:05:00.097Z",0.03182464173121843
"2025-02-28T06:04:56.810Z",0.0314168398425536
"2025-02-28T07:07:27.373Z",0.03148670756069452
"2025-02-28T08:04:34.169Z",0.031134691815568962
"2025-02-28T09:04:38.645Z",0.031475319135777974
"2025-02-28T10:05:54.488Z",0.0317744243879113
"2025-02-28T11:04:38.286Z",0.03154727048650527
"2025-02-28T12:04:34.198Z",0.03157393943674116
"2025-02-28T13:04:47.294Z",0.03142238938489622
"2025-02-28T14:04:55.118Z",0.03201829179417233
"2025-02-28T15:06:45.463Z",0.03215881749791353
"2025-02-28T16:09:43.748Z",0.03287407918835408
"2025-02-28T17:04:56.881Z",0.03296287816692183
"2025-02-28T18:04:49.867Z",0.03280301549016672
"2025-02-28T19:04:40.923Z",0.033253226082430545
"2025-02-28T20:04:58.707Z",0.03300510867930365
"2025-02-28T21:04:54.953Z",0.032863791546902874
"2025-02-28T22:05:05.540Z",0.032934592429792055
"2025-02-28T23:05:00.029Z",0.03277170466677142
"2025-03-01T00:04:50.940Z",0.033118899643429074
"2025-03-01T01:04:53.618Z",0.03287590735237493
"2025-03-01T02:04:57.624Z",0.0333112325268213
"2025-03-01T03:04:38.610Z",0.03345065503808849
"2025-03-01T04:08:11.714Z",0.0335760973986434
"2025-03-01T05:07:25.399Z",0.03360541326614668
"2025-03-01T06:04:58.218Z",0.033395554009534825
"2025-03-01T07:05:06.796Z",0.033130338819038735
"2025-03-02T18:04:38.941Z",0.03621048080026723
"2025-03-02T19:04:53.627Z",0.03621626017999402
"2025-03-02T20:04:50.705Z",0.036464734567860944
"2025-03-02T21:04:58.246Z",0.03680252003280063
"2025-03-02T22:04:47.502Z",0.037044914711756076
"2025-03-02T23:04:51.909Z",0.03722415348380597
"2025-03-03T00:04:50.124Z",0.0368085332146481
"2025-03-03T01:04:53.684Z",0.03588065120547427
"2025-03-03T02:04:51.178Z",0.03581794871789246
"2025-03-03T03:04:54.020Z",0.035534879703838756
"2025-03-03T04:04:50.707Z",0.03520339834041956
"2025-03-03T05:04:56.986Z",0.03531560101543772
"2025-03-03T06:04:27.579Z",0.03539318064208526
"2025-03-03T07:04:37.927Z",0.034250584614882076
"2025-03-03T08:04:56.994Z",0.034350214442855
"2025-03-03T09:04:43.259Z",0.033689973293805534
"2025-03-03T10:04:52.099Z",0.033858381228855275
"2025-03-03T11:04:44.103Z",0.03397396107295234
"2025-03-03T12:04:47.372Z",0.033953732527657654
"2025-03-03T13:04:52.141Z",0.034117451729314005
"2025-03-03T14:00:40.444Z",0.0342655538650068
"2025-03-03T15:04:55.706Z",0.032925390411404756
"2025-03-03T16:04:53.739Z",0.03308473458957346
"2025-03-03T18:00:37.743Z",0.03294725316101537
"2025-03-03T19:04:55.861Z",0.03192554612464527
"2025-03-03T20:04:32.288Z",0.03136194886704093
"2025-03-03T21:05:42.372Z",0.030722327564350973
"2025-03-03T22:04:55.843Z",0.030747998006418153
"2025-03-03T23:04:57.626Z",0.031377028944648576
"2025-03-04T00:04:43.349Z",0.03113092554056354
"2025-03-04T01:05:00.266Z",0.030837181043662648
"2025-03-04T02:04:57.337Z",0.0298178369179657
"2025-03-04T03:04:56.978Z",0.029994474593714782
"2025-03-04T04:04:17.964Z",0.030215451069611293
"2025-03-04T05:04:36.985Z",0.030287634610916953
"2025-03-04T06:04:48.841Z",0.03052438158608631
"2025-03-04T07:04:19.021Z",0.030401154999972837
"2025-03-04T08:04:21.889Z",0.030138436257918667
"2025-03-04T09:04:39.394Z",0.03039507917686658
"2025-03-04T10:04:45.932Z",0.030454161523695907
"2025-03-04T11:06:47.222Z",0.030429390064884834
"2025-03-04T12:07:10.132Z",0.030435677447235143
"2025-03-04T13:06:47.601Z",0.030335230238297088
"2025-03-04T14:09:15.856Z",0.029881882447293392
"2025-03-04T15:05:31.245Z",0.03011477836026512
"2025-03-04T16:09:58.485Z",0.029747992938526993
"2025-03-04T18:08:00.216Z",0.03068218205911141
"2025-03-04T19:09:25.665Z",0.03119135507978524
"2025-03-04T20:08:39.907Z",0.0317035168883454
"2025-03-04T21:09:39.527Z",0.03123397569926222
"2025-03-04T22:09:38.322Z",0.0314443078460254
"2025-03-04T23:06:33.845Z",0.03145073408553256
"2025-03-05T00:05:16.311Z",0.03138657182462332
"2025-03-05T01:07:52.069Z",0.03118689520819322
"2025-03-05T02:09:26.594Z",0.03148726345947111
"2025-03-05T03:04:28.176Z",0.03178847974198631
"2025-03-05T04:04:32.124Z",0.03162098366246109
"2025-03-05T05:06:20.841Z",0.03164638961580243
"2025-03-05T06:09:08.240Z",0.03172182637323782
"2025-03-05T07:09:34.183Z",0.03184537664934073
"2025-03-05T08:09:34.903Z",0.03217617493744843
"2025-03-05T09:04:57.774Z",0.032321348729088165
"2025-03-05T10:09:22.222Z",0.0326866410123236
"2025-03-05T11:05:07.014Z",0.0326866410123236
"2025-03-05T13:08:55.460Z",0.0322136016432469
"2025-03-05T14:05:29.571Z",0.03200540802656617
"2025-03-05T15:07:00.603Z",0.031539205872924865
"2025-03-05T16:09:35.938Z",0.03176646189688809
"2025-03-05T17:09:24.485Z",0.0318040585943094
"2025-03-05T18:08:32.326Z",0.031775542997463366
"2025-03-05T19:08:15.152Z",0.03203853219565948
"2025-03-05T20:08:04.608Z",0.03243918568942191
"2025-03-05T21:09:42.651Z",0.032543430335186675
"2025-03-05T22:09:32.223Z",0.032624521853906664
"2025-03-05T23:08:26.450Z",0.032721671654531555
"2025-03-06T00:06:18.003Z",0.032767629218011456
"2025-03-06T01:06:20.815Z",0.03271310995776598
"2025-03-06T02:07:51.047Z",0.033115483229977455
"2025-03-06T03:09:20.366Z",0.03342120633214774
"2025-03-06T04:04:44.536Z",0.03346032945361944
"2025-03-06T05:04:53.689Z",0.03358809992835245
"2025-03-06T07:04:51.189Z",0.03362641538159182
"2025-03-06T08:08:03.410Z",0.033390034536538646
"2025-03-06T09:05:14.968Z",0.03359622625176899
"2025-03-06T10:07:30.582Z",0.03337353060099203
"2025-03-06T13:05:29.800Z",0.03311750637724172
"2025-03-06T14:04:42.853Z",0.03284056578140413
"2025-03-06T15:09:42.427Z",0.0325661218632713
"2025-03-06T16:10:12.538Z",0.032993573817451174
"2025-03-06T17:08:28.991Z",0.03236002948638114
"2025-03-06T18:09:37.682Z",0.03209674325927335
"2025-03-06T19:09:33.255Z",0.03214090447474408
"2025-03-06T20:09:35.760Z",0.03215122775396717
"2025-03-07T13:04:58.626Z",0.03190798009308878
"2025-03-07T14:09:09.477Z",0.03223515343441951
"2025-03-07T15:07:59.490Z",0.03260916905917487
"2025-03-07T16:04:56.603Z",0.03241180478955266
"2025-03-07T17:04:47.708Z",0.03157468126715716
"2025-03-07T18:09:10.712Z",0.03158478220735493
"2025-03-07T19:04:47.701Z",0.03200111622387939
"2025-03-07T20:06:16.357Z",0.03175585693765413
"2025-03-07T21:04:49.138Z",0.03133249052086824
"2025-03-07T22:04:57.992Z",0.031027662440965935
"2025-03-07T23:04:47.360Z",0.03127500087713691
"2025-03-08T00:04:31.981Z",0.031187929300873662
"2025-03-08T01:04:58.147Z",0.031303013649755615
"2025-03-08T07:04:47.395Z",0.03145795005508845
"2025-03-08T08:06:07.200Z",0.031468508111800644
"2025-03-08T09:04:52.569Z",0.031330741384174736
"2025-03-08T10:04:51.950Z",0.03131685680933852
"2025-03-08T11:04:35.723Z",0.031480828416267405
"2025-03-08T12:07:47.917Z",0.03161144549207594
"2025-03-08T13:04:54.186Z",0.03183133304021541
"2025-03-08T14:09:27.902Z",0.032217401320757004
"2025-03-08T15:04:57.726Z",0.03204485634071225
"2025-03-08T16:09:28.368Z",0.03212271543401485
"2025-03-08T17:05:23.463Z",0.03207605812272047
"2025-03-08T18:05:10.249Z",0.03244984996713867
"2025-03-08T19:04:55.665Z",0.032503301661461814
"2025-03-08T20:09:40.004Z",0.03257357518373491
"2025-03-08T21:04:59.199Z",0.03242610603980003
"2025-03-08T22:04:56.168Z",0.03244706421403195
"2025-03-08T23:08:19.559Z",0.03227506250754239
"2025-03-09T00:04:55.904Z",0.03219262666936598
"2025-03-09T01:04:56.014Z",0.03229176593702809
"2025-03-09T02:04:59.837Z",0.032059656272244615
"2025-03-09T03:04:55.703Z",0.031948225041828114
"2025-03-09T04:04:56.882Z",0.031952194566962445
"2025-03-09T07:05:24.018Z",0.03191113744882872
"2025-03-09T08:04:55.971Z",0.03201010208157819
"2025-03-09T09:05:11.065Z",0.031890387307753496
"2025-03-09T10:04:54.388Z",0.03173695486745545
"2025-03-09T11:06:15.879Z",0.03129725270039044
"2025-03-09T12:05:25.488Z",0.031420792460847155
"2025-03-09T13:07:41.958Z",0.03136582162539141
"2025-03-09T14:05:13.266Z",0.03098851552792144
"2025-03-09T15:08:56.626Z",0.030932898456004367
"2025-03-09T19:04:55.551Z",0.02813907536006186
"2025-03-09T20:04:52.866Z",0.028397221678718255
"2025-03-09T21:07:32.294Z",0.028450562598234478
"2025-03-09T22:05:34.968Z",0.02810944467751176
"2025-03-09T23:04:58.144Z",0.028002699549936002
"2025-03-10T00:04:58.071Z",0.027994561081827105
"2025-03-10T01:04:53.830Z",0.02829895091238241
"2025-03-10T02:08:06.168Z",0.028414460405815755
"2025-03-10T03:08:20.916Z",0.02861355726930129
"2025-03-10T04:09:45.491Z",0.02858626618098467
"2025-03-10T14:04:50.918Z",0.02888439239101825
"2025-03-10T15:04:55.448Z",0.027728510147728886
"2025-03-10T16:06:35.405Z",0.027699838577919886
"2025-03-10T17:04:56.119Z",0.02741096677476557
"2025-03-10T18:04:55.601Z",0.026174815386281407
"2025-03-10T19:04:51.855Z",0.02565295481164348
"2025-03-10T20:07:26.575Z",0.025630382341941458
"2025-03-10T21:04:59.463Z",0.025556288045910577
"2025-03-10T22:04:57.534Z",0.025840196598034697
"2025-03-10T23:04:48.721Z",0.02576104368454579
"2025-03-11T00:04:45.705Z",0.024934765613479105
"2025-03-11T01:04:54.363Z",0.02400089874538807
"2025-03-11T02:04:56.507Z",0.02456502266183886
"2025-03-11T03:04:55.299Z",0.024816147551723847
"2025-03-11T04:04:52.405Z",0.0246423736398868
"2025-03-11T05:04:51.188Z",0.024928488378654565
"2025-03-11T06:05:01.310Z",0.02519141493295996
"2025-03-11T07:07:13.219Z",0.024774753280349178
"2025-03-11T08:04:58.747Z",0.025087985854893496
"2025-03-11T09:04:26.215Z",0.02514433563046921
"2025-03-11T10:04:52.669Z",0.025331483428571
"2025-03-11T11:07:59.628Z",0.025392464712501048
"2025-03-11T12:04:55.803Z",0.025264800664035924
"2025-03-11T13:08:27.772Z",0.024987448877474765
"2025-03-11T14:04:52.636Z",0.025051242483723934
"2025-03-11T15:05:41.595Z",0.024531893836393426
"2025-03-11T16:09:39.483Z",0.02476215909470817
"2025-03-11T17:05:33.572Z",0.0248242584648978
"2025-03-11T18:08:15.048Z",0.02477004760735727
"2025-03-11T19:06:03.850Z",0.025360800605620733
"2025-03-11T20:07:22.907Z",0.02521938537138208
"2025-03-11T21:04:59.897Z",0.024712412382627547
"2025-03-11T22:05:00.350Z",0.024777709755296543
"2025-03-11T23:07:44.038Z",0.02479709962316147
"2025-03-12T00:07:43.219Z",0.024463534320168064
"2025-03-12T01:05:25.743Z",0.024371153350123503
"2025-03-12T02:06:42.725Z",0.024519200189001115
"2025-03-12T03:06:04.308Z",0.024177186018441266
"2025-03-12T04:07:21.341Z",0.023867755506596654
"2025-03-12T05:07:35.620Z",0.023838635326043255
"2025-03-12T06:07:47.830Z",0.0244698227468063
"2025-03-12T07:09:16.183Z",0.02440040544786966
"2025-03-12T08:09:37.456Z",0.024967535742244328
"2025-03-12T09:07:21.738Z",0.025192958145792057
"2025-03-12T10:08:38.510Z",0.024693953274760698
"2025-03-12T11:04:55.888Z",0.024759776592223132
"2025-03-12T12:10:00.175Z",0.02503363627809992
"2025-03-12T13:09:40.340Z",0.025202183106733958
"2025-03-12T14:04:57.249Z",0.02452994840588983
"2025-03-12T15:07:02.782Z",0.024101186058707556
"2025-03-12T16:12:32.123Z",0.024463572948481213
"2025-03-12T17:09:19.732Z",0.02465080365674318
"2025-03-12T18:09:47.830Z",0.024557076983402513
"2025-03-12T19:06:32.676Z",0.02469975657844979
"2025-03-12T20:09:49.797Z",0.02461667837172524
"2025-03-12T21:09:52.958Z",0.024795849879660853
"2025-03-12T22:07:17.544Z",0.024924235268646726
"2025-03-12T23:09:37.108Z",0.025056124604544688
"2025-03-13T00:09:37.836Z",0.02508257094020918
"2025-03-13T01:06:54.483Z",0.024912252837792775
"2025-03-13T02:08:03.559Z",0.025020896603624554
"2025-03-13T03:09:47.328Z",0.024813424384492334
"2025-03-13T04:09:55.944Z",0.024809394814421445
"2025-03-13T06:04:56.358Z",0.024484418844739075
"2025-03-13T07:09:49.890Z",0.024552713016247965
"2025-03-13T08:04:55.271Z",0.02459147430461434
"2025-03-13T09:04:52.614Z",0.024589632800032603
"2025-03-13T10:05:22.037Z",0.02482499156752811
"2025-03-13T11:09:55.208Z",0.024947549873469883
"2025-03-13T12:09:40.480Z",0.0249048409969965
"2025-03-13T13:09:57.821Z",0.024995906210309882
"2025-03-13T14:09:33.643Z",0.024369477312466272
"2025-03-13T15:14:44.842Z",0.024282030919288655
"2025-03-13T16:09:40.610Z",0.023989098571432187
"2025-03-13T17:11:37.195Z",0.023709243754385177
"2025-03-13T18:10:39.930Z",0.02344797394256618
"2025-03-13T19:09:36.679Z",0.023723302875329078
"2025-03-13T20:09:50.082Z",0.023767155557876753
"2025-03-13T21:14:54.029Z",0.02364625139171816
"2025-03-13T22:12:45.445Z",0.0238182095484114
"2025-03-13T23:17:39.329Z",0.024033843683544137
"2025-03-14T00:11:30.636Z",0.023807832616795494
"2025-03-14T01:09:41.137Z",0.023797257142347747
"2025-03-14T14:06:06.828Z",0.02440709886128438
"2025-03-14T15:06:36.364Z",0.024648752144407884
"2025-03-14T16:14:55.287Z",0.02451053642636899
"2025-03-14T17:09:51.707Z",0.024535733928798893
"2025-03-14T18:09:44.178Z",0.02448285383914326
"2025-03-14T19:09:11.330Z",0.02452605972675401
"2025-03-14T20:09:36.630Z",0.024487170401306182
"2025-03-14T21:09:55.120Z",0.024389421220739116
"2025-03-14T22:11:27.833Z",0.024406463566583228
"2025-03-14T23:09:50.502Z",0.024466944992040402
"2025-03-15T01:09:43.338Z",0.024220188451901454
"2025-03-15T02:09:14.302Z",0.024136753006395263
"2025-03-15T03:09:39.756Z",0.024186774859026188
"2025-03-15T04:09:55.328Z",0.024274733756172277
"2025-03-15T05:09:14.672Z",0.02439620841138905
"2025-03-15T06:09:32.601Z",0.024378683811505267
"2025-03-15T07:09:40.334Z",0.02433939217179425
"2025-03-15T08:09:44.241Z",0.024215423714718524
"2025-03-15T09:09:52.192Z",0.02426027940239819
"2025-03-15T10:04:50.756Z",0.02421324181576851
"2025-03-15T11:04:44.391Z",0.02426585133827585
"2025-03-15T12:04:46.542Z",0.024302141086774722
"2025-03-15T13:04:40.488Z",0.02424396018004755
"2025-03-15T14:04:47.218Z",0.024305563249926925
"2025-03-15T15:04:47.688Z",0.024232794861963173
"2025-03-15T16:06:17.039Z",0.024352097621257576
"2025-03-15T17:04:44.996Z",0.02444320293545611
"2025-03-15T22:04:45.472Z",0.024408721460716886
"2025-03-15T23:04:40.670Z",0.024359204903925166
"2025-03-16T00:04:55.453Z",0.02430513136281009
"2025-03-16T01:04:45.147Z",0.02426927958776281
"2025-03-16T02:04:44.465Z",0.02408851093279217
"2025-03-16T03:04:44.858Z",0.024080873931415968
"2025-03-16T04:04:52.004Z",0.02418949210759242
"2025-03-16T05:04:51.590Z",0.02414810490149906
"2025-03-16T06:04:51.612Z",0.024173481673325482
"2025-03-16T07:04:55.965Z",0.02420531933802697
"2025-03-16T08:04:45.650Z",0.024140722949576143
"2025-03-16T09:04:49.028Z",0.02408063421968975
"2025-03-16T10:04:52.977Z",0.02392825517801397
"2025-03-16T11:04:53.352Z",0.023906436865571208
"2025-03-16T12:04:55.330Z",0.023444736235516312
"2025-03-16T13:04:58.055Z",0.023585141860222824
"2025-03-16T14:04:47.300Z",0.023543521690509415
"2025-03-16T15:04:53.685Z",0.023695117480715948
"2025-03-16T16:07:05.279Z",0.023736019981314995
"2025-03-16T17:04:52.635Z",0.023929280808576966
"2025-03-16T18:04:47.452Z",0.023904466821635738
"2025-03-17T00:04:51.368Z",0.02342665665928324
"2025-03-17T01:04:46.191Z",0.02362547736036877
"2025-03-17T02:04:49.387Z",0.023639505412311582
"2025-03-17T03:04:46.826Z",0.023657814734873397
"2025-03-17T04:04:53.110Z",0.023745611106859243
"2025-03-17T05:04:48.283Z",0.023650040197869048
"2025-03-17T06:04:50.372Z",0.0235441098841406
"2025-03-17T07:07:12.637Z",0.02355022277824539
"2025-03-17T08:04:32.425Z",0.023536710596140566
"2025-03-17T17:04:49.264Z",0.023300264788633094
"2025-03-17T18:04:50.863Z",0.023495808409506592
"2025-03-17T19:09:01.646Z",0.02396541148249022
"2025-03-17T20:07:46.898Z",0.024660745595052994
"2025-03-17T21:09:44.079Z",0.024654144605555588
"2025-03-17T22:05:00.053Z",0.024718940138766625
"2025-03-17T23:08:40.709Z",0.024555845332036266
"2025-03-18T00:09:38.699Z",0.02446441870272935
"2025-03-18T01:09:45.487Z",0.02446937135697449
"2025-03-18T02:09:52.389Z",0.024241607922792664
"2025-03-18T03:06:56.958Z",0.02425339436542863
"2025-03-18T04:04:44.149Z",0.02418251854271566
"2025-03-18T05:05:19.945Z",0.02419242320050657
"2025-03-18T06:05:08.116Z",0.024265294529420806
"2025-03-18T07:09:43.813Z",0.024142978037112336
"2025-03-18T08:09:50.748Z",0.024261731978515836
"2025-03-18T15:09:23.969Z",0.024429023102802302
"2025-03-18T16:09:51.536Z",0.024381305617745694
"2025-03-18T17:09:50.495Z",0.024471773283280113
"2025-03-18T18:09:42.104Z",0.024333856364184323
"2025-03-18T19:13:28.595Z",0.024474532464021086
"2025-03-18T20:09:40.361Z",0.024668079828933865
"2025-03-18T21:09:50.637Z",0.024711532218759363
"2025-03-18T22:09:47.861Z",0.024773372053220978
"2025-03-18T23:09:55.007Z",0.02484209896783612
"2025-03-19T00:09:37.340Z",0.02501348806794716
"2025-03-19T01:09:44.840Z",0.02517655562236377
"2025-03-19T02:09:41.712Z",0.02506363597918295
"2025-03-19T03:09:53.933Z",0.025072225119587142
"2025-03-19T04:09:57.119Z",0.025122257767092513
"2025-03-19T05:09:41.308Z",0.024773246846483004
"2025-03-19T06:09:47.015Z",0.02483012800078201
"2025-03-19T07:04:53.514Z",0.024819742664762605
"2025-03-19T08:08:58.453Z",0.02476890817877963
"2025-03-19T09:09:24.889Z",0.02485110238063265
"2025-03-19T10:09:21.172Z",0.024922510900722297
"2025-03-19T11:09:42.555Z",0.025395817101283958
"2025-03-19T12:09:41.411Z",0.025877477469234064
"2025-03-19T13:09:58.569Z",0.025857071726553445
"2025-03-19T15:09:45.536Z",0.025595618949782486
"2025-03-19T16:09:57.169Z",0.025825325818084544
"2025-03-19T17:05:22.718Z",0.02580316394458381
"2025-03-19T18:06:36.169Z",0.025081003353676683
"2025-03-19T19:09:29.316Z",0.025340964449643056
"2025-03-19T20:09:28.907Z",0.025740160876509578
"2025-03-19T21:09:51.043Z",0.025740806251444794
"2025-03-19T22:09:51.340Z",0.025803131487077042
"2025-03-19T23:09:30.117Z",0.02598212676410449
"2025-03-20T00:08:14.344Z",0.02606014081749479
"2025-03-20T01:05:28.917Z",0.025719300694602605
"2025-03-20T02:04:40.838Z",0.025623659350655893
"2025-03-20T03:33:37.727Z",0.02565839331192988
"2025-03-20T04:32:51.183Z",0.025595748272743316
"2025-03-20T05:34:28.442Z",0.025516167998441072
"2025-03-20T06:29:32.050Z",0.02554666153716365
"2025-03-20T07:09:18.006Z",0.025482671403869527
"2025-03-20T08:04:59.602Z",0.025422653298251687
"2025-03-20T09:09:19.232Z",0.025559138514417917
"2025-03-20T10:04:58.634Z",0.025421558860784527
"2025-03-20T11:09:47.489Z",0.02510428047549942
"2025-03-20T12:09:26.129Z",0.02514192074559842
"2025-03-20T13:09:51.799Z",0.025182431760375094
"2025-03-20T15:04:46.022Z",0.025279771321598005
"2025-03-20T16:04:50.140Z",0.02494459467102137
"2025-03-20T17:04:40.499Z",0.02472598611306966
"2025-03-20T18:04:41.287Z",0.024889260207514752
"2025-03-20T19:05:28.603Z",0.024937112496236126
"2025-03-20T20:05:12.341Z",0.02497621101003181
"2025-03-20T21:08:49.004Z",0.02508994164076998
"2025-03-20T22:05:31.251Z",0.025031075811373517
"2025-03-20T23:04:59.992Z",0.024963714450747524
"2025-03-21T00:09:25.340Z",0.025019648337012087
"2025-03-21T01:09:42.872Z",0.025060026087498875
"2025-03-21T02:23:25.023Z",0.025139927531168425
"2025-03-22T00:04:53.583Z",0.02391348799965247
"2025-03-22T01:04:56.338Z",0.024100423480068384
"2025-03-22T02:19:33.176Z",0.024113821417408816
"2025-03-22T03:04:58.110Z",0.02415451200082633
"2025-03-22T04:05:03.671Z",0.02417670081620936
"2025-03-22T05:06:51.032Z",0.024229876619814482
"2025-03-22T06:04:58.327Z",0.02418544462953448
"2025-03-22T07:04:56.622Z",0.02422108244082808
"2025-03-22T08:05:33.321Z",0.024199177227940034
"2025-03-23T00:01:36.238Z",0.024104858345018763
"2025-03-23T01:01:45.867Z",0.024149398575396774
"2025-03-23T02:01:45.400Z",0.024162874483978303
"2025-03-23T03:01:58.786Z",0.024224831199711933
"2025-03-23T04:01:41.097Z",0.024209842574884954
"2025-03-23T05:01:45.336Z",0.024174604433402015
"2025-03-23T06:01:45.443Z",0.024215383644574116
"2025-03-23T07:01:42.437Z",0.02423170835318592
"2025-03-23T08:01:54.346Z",0.024225630134933042
"2025-03-28T03:04:34.156Z",0.02416771088885321
"2025-03-28T04:04:37.022Z",0.024058812420750142
"2025-03-28T05:04:27.246Z",0.023287239648443273
"2025-03-28T06:04:30.495Z",0.023098308720976325
"2025-03-28T07:04:31.568Z",0.02301226518522125
"2025-03-28T08:06:16.592Z",0.02299323980519214
"2025-03-28T09:04:32.030Z",0.022971214044362663
"2025-03-28T10:04:30.944Z",0.022982267190293292
"2025-03-28T11:04:35.213Z",0.023001124261190144
"2025-03-28T19:04:30.240Z",0.02229117691018919
"2025-03-28T20:04:26.162Z",0.02229102826909202
"2025-03-28T21:04:31.278Z",0.022306465568151173
"2025-03-28T22:04:31.010Z",0.022392082858856088
"2025-03-28T23:04:27.616Z",0.02252247286454238
"2025-03-29T00:04:36.169Z",0.022549527987366563
"2025-03-29T01:04:33.355Z",0.022645113771808577
"2025-03-29T02:04:33.229Z",0.022681938039229094
"2025-03-29T03:04:33.682Z",0.022540816300788614
"2025-03-29T04:04:36.576Z",0.022613780558519418
"2025-03-29T05:04:34.482Z",0.022512043932659744
"2025-03-29T06:04:34.185Z",0.022478458949104642
"2025-03-29T07:04:35.234Z",0.022375696710117753
"2025-03-29T08:04:38.316Z",0.022346245738704258
"2025-03-29T09:04:29.170Z",0.022390585040415776
"2025-03-29T10:04:31.222Z",0.02227176318242608
"2025-03-29T11:04:42.203Z",0.022308104874716454